<?xml version="1.0" encoding="UTF-8"?>
<component xmlns="http://www.opensource-socialnetwork.org/v/3.0">
    <name>Custom Strings</name>
    <id>CustomStrings</id>
    <author>Core Team</author>
    <description>Add new or overwrite existing language strings.</description>
    <license>GNU General Public License, version 2</license>
    <author_url>http://www.informatikon.com/</author_url>
    <license_url>http://www.opensource-socialnetwork.org/licence/</license_url>
    <version>1.0</version>
	<requires>
		<type>ossn_version</type>
		<version>4.0</version>
	</requires>
</component>