<?xml version="1.0" encoding="UTF-8"?>
<component xmlns="http://www.opensource-socialnetwork.org/v/3.0">
    <name>About User</name>
    <id>aboutuser</id>
    <author>Core Team</author>
    <description>Adds an About tab to member profile pages</description>
    <license>Open Source Social Network License (OSSN LICENSE)</license>
    <author_url>http://www.opensource-socialnetwork.org</author_url>
    <license_url>http://www.opensource-socialnetwork.org/licence/</license_url>
    <version>4.1</version>
	<requires>
		<type>ossn_version</type>
		<version>5.0</version>
	</requires>
	<requires>
		<type>ossn_component</type>
		<name>TextareaSupport</name>
		<version>2.1</version>
	</requires>	
</component>
