<?xml version="1.0" encoding="UTF-8"?><component xmlns="http://www.opensource-socialnetwork.org/v/4.x">    <name>Calendar</name>    <id>calendar</id>    <author>H.S.Luba</author>    <description>A simple calendar</description>    <license>GNU General Public License, version 2</license>    <author_url></author_url>    <license_url>http://www.opensource-socialnetwork.org/licence/</license_url>    <version>1.2</version>	<requires>		<type>ossn_version</type>		<version>4.6</version>	</requires></component>