<?xml version="1.0" encoding="UTF-8"?>
<component xmlns="http://www.opensource-socialnetwork.org/v/3.0">
    <name>Fake Postings</name>
    <id>FakePostings</id>
    <author>Core Team</author>
    <description>A random newsfeed postings generator</description>
    <license>Open Source Social Network License (OSSN LICENSE)</license>
    <author_url>https://www.softlab24.com/</author_url>
    <license_url>https://www.opensource-socialnetwork.org/licence/</license_url>
    <version>2.1</version>
	<requires>
		<type>ossn_version</type>
		<version>5.2</version>
	</requires>
</component>