<?xml version="1.0" encoding="UTF-8"?>
<component xmlns="http://www.opensource-socialnetwork.org/v/3.0">
    <name>AdsFader</name>
    <id>AdsFader</id>
    <author>Core Team</author>
    <description>Fade multiple ads in and out instead of displaying them separately.</description>
    <license>Open Source Social Network License (OSSN LICENSE) v3.0</license>
    <author_url>https://www.softlab24.com/</author_url>
    <license_url>http://www.opensource-socialnetwork.org/licence/</license_url>
    <version>1.2</version>
	<requires>
		<type>ossn_version</type>
		<version>5.2</version>
	</requires>
</component>
