<?xml version="1.0" encoding="UTF-8"?>
<component xmlns="http://www.opensource-socialnetwork.org/v/3.0">
    <name>ExpenseManagement</name>
    <id>ExpenseManagement</id>
    <author>Core Team</author>
    <description>A component to list expenses.</description>
    <license>Commercial</license>
    <author_url>https://www.softlab24.com/</author_url>
    <license_url></license_url>
    <version>4.0</version>
	<requires>
		<type>ossn_version</type>
		<version>4.0</version>
	</requires>
</component>