<?xml version="1.0" encoding="UTF-8"?>
<component xmlns="http://www.opensource-socialnetwork.org/v/3.0">
    <name>Blogs</name>
    <id>Blog</id>
    <author>Core Team</author>
    <description>Allow members to add blogs to their profile page.</description>
    <license>Open Source Social Network License (OSSN LICENSE)</license>
    <author_url>https://www.softlab24.com/</author_url>
    <license_url>http://opensource-socialnetwork.org/licence/</license_url>
    <version>2.11</version>
	<requires>
		<type>ossn_version</type>
		<version>5.2</version>
	</requires>
	<requires>
		<type>ossn_component</type>
		<name>TextareaSupport</name>
		<version>2.5</version>
	</requires>	
</component>
