<?xml version="1.0" encoding="UTF-8"?>
<component xmlns="http://www.opensource-socialnetwork.org/v/3.0">
    <name>13 Years Signup Age</name>
    <id>13Years</id>
    <author>KreativMind</author>
    <description>Set minimum age to 13 years old on signup form.</description>
    <license>GNU General Public License, version 2</license>
    <author_url>https://www.kreativmind.co</author_url>
    <license_url>http://www.opensource-socialnetwork.org/licence/</license_url>
    <version>1.0</version>
	<requires>
		<type>ossn_version</type>
		<version>4.0</version>
	</requires>
</component>
