<?xml version="1.0" encoding="UTF-8"?>
<component xmlns="http://www.opensource-socialnetwork.org/v/3.0">
    <name>DisableSignup</name>
    <id>DisableSignup</id>
    <author>Softlab24</author>
    <description>Disable the signup for new users.</description>
    <license>Open Source Social Network License (OSSN LICENSE)</license>
    <author_url>https://www.softlab24.com/</author_url>
    <license_url>http://www.opensource-socialnetwork.org/licence/</license_url>
    <version>1.1</version>
	<requires>
		<type>ossn_version</type>
		<version>5.0</version>
	</requires>
</component>