<?xml version="1.0" encoding="UTF-8"?>
<component xmlns="http://www.opensource-socialnetwork.org/v/3.0">
    <name>Disable User Activation By Mail</name>
    <id>DisableUserActivationByMail</id>
    <author>Core Team</author>
    <description>Disable automatic user activation by email - new accounts will be activated manually</description>
    <license>Open Source Social Network License (OSSN LICENSE)</license>
    <author_url>https://www.opensource-socialnetwork.org/</author_url>
    <license_url>https://www.opensource-socialnetwork.org/licence/</license_url>
    <version>1.1</version>
	<requires>
		<type>ossn_version</type>
		<version>5.2</version>
	</requires>
</component>